Nome; Engastes; Raro; Mítico; Lendário; Nível Máximo;Obtido em:
 Abandono; <img class='subli-icons' src='imgs\green.webp'><img class='subli-icons' src='imgs\red.webp'><img class='subli-icons' src=' imgs\blue.webp'>; No início da luta, se as maestrias secundárias forem ≤ 0: 0 RA e 0 WP máx.; No início da luta, se as maestrias secundárias forem ≤ 0: 1 RA e 1 WP máx.; No início da luta, se as maestrias secundárias forem ≤ 0: 1 RA e 1 WP máx.;6;Fenda de Amakna
 Volta; <img class='subli-icons' src='imgs\blue.webp'><img class='subli-icons' src='imgs\blue.webp'><img class='subli-icons' src=' imgs\green.webp'>; -; Quando o portador do estado sofre dano direto de combate corpo a corpo, uma vez por turno do atacante: O portador do estado se volta para ele; -;2;Fenda de Frigost
 Acumulação;<img class='subli-icons' src='imgs\green.webp'><img class='subli-icons' src='imgs\green.webp'><img class='subli-icons' src=' imgs\blue.webp'>; -20% de curas realizadas Para cada turno sem realizar curas: 5% de curas realizadas Acumulável até 40%; -20% de curas realizadas Para cada turno sem realizar curas: 10% de curas realizadas Acumulável até 40%; -20% de curas realizadas Para cada turno sem realizar curas: 15% de curas realizadas Acumulável até 40%;4;Marceneiro (140)
 Altruísmo; <img class='subli-icons' src='imgs\blue.webp'><img class='subli-icons' src='imgs\green.webp'><img class='subli-icons' src=' imgs\red.webp'>; 2% de curas realizadas em um aliado alinhado à distância; 4% de curas realizadas em um aliado alinhado à distância; 6% de curas realizadas em um aliado alinhado à distância;6;Fenda de Moon
 Ambição;<img class='subli-icons' src='imgs\green.webp'><img class='subli-icons' src='imgs\blue.webp'><img class='subli-icons' src=' imgs\red.webp'>; No início do primeiro turno, se as proficiências secundárias forem <= 0: 5% de acerto crítico; No início do primeiro turno, se as proficiências secundárias forem <= 0: 10% de acerto crítico; No início do primeiro turno, se as proficiências secundárias forem <= 0: 15% de acerto crítico;6;Fenda Shushu
 Emboscada; <img class='subli-icons' src='imgs\blue.webp'><img class='subli-icons' src='imgs\blue.webp'><img class='subli-icons' src=' imgs\red.webp'>; 2% de dano infligido a alvos em combate corpo a corpo; 4% de dano infligido a alvos em combate corpo a corpo; 6% de dano infligido a alvos em combate corpo a corpo;6;Vertox, o Atemporal (170) 3 Estelas
 Retorno AP (antigo retorno);<img class='subli-icons' src='imgs\blue.webp'><img class='subli-icons' src='imgs\red.webp'><img class='subli-icons' src=' imgs\green.webp'>; -; Recupera 1 PA ao matar um inimigo (2 ativações por turno); -;4;Ashdragon (200) 2 Estelas
 Arcano; <img class='subli-icons' src='imgs\blue.webp'><img class='subli-icons' src='imgs\red.webp'><img class='subli-icons' src=' imgs\blue.webp'>; Se o portador do estado não tiver nenhuma armadura no final do turno: 50% do nível como Armadura; Se o portador do estado não tiver nenhuma armadura no final do turno: 100% do nível como Armadura; Se o portador do estado não tiver nenhuma armadura no final do turno: 150% do nível como Armadura;6;Fenda de Astrub
 Comprimento da armadura;<img class='subli-icons' src='imgs\red.webp'><img class='subli-icons' src='imgs\blue.webp'><img class='subli-icons' src=' imgs\green.webp'>; 4% de armadura dada a um aliado alinhado à distância; 8% de armadura dada a um aliado alinhado à distância; 12% de armadura dada a um aliado alinhado à distância;6;Fenda de bonta
 Retorno da Armadura; <img class='subli-icons' src='imgs\blue.webp'><img class='subli-icons' src='imgs\red.webp'><img class='subli-icons' src=' imgs\red.webp'>; -; Recupera 5% do HP máximo como Armadura ao matar um inimigo (2 ativações por turno); -;4;Marceneiro (115)
 Arte da ocultação; <img class='subli-icons' src='imgs\blue.webp'><img class='subli-icons' src='imgs\blue.webp'><img class='subli-icons' src=' imgs\blue.webp'>;-6% Dano recebido quando o portador não está na linha de visão 3% Dano recebido quando o portador está na linha de visão; -12% de dano recebido quando o portador não está na linha de visão 6% de dano recebido quando o portador está na linha de visão; -18% de dano recebido quando o portador não está na linha de visão 9% de dano recebido quando o portador está na linha de visão;4;Marceneiro (140)
 Bashell; <img class='subli-icons' src='imgs\red.webp'><img class='subli-icons' src='imgs\green.webp'><img class='subli-icons' src=' imgs\blue.webp'>; 6% de dano infligido a um alvo com armadura; 12% de dano infligido a um alvo com armadura; 18% de dano infligido a um alvo com armadura;4;Marceneiro (140)
 Bloco Berserk; <img class='subli-icons' src='imgs\blue.webp'><img class='subli-icons' src='imgs\green.webp'><img class='subli-icons' src=' imgs\blue.webp'>; Quando o HP está abaixo de 50%: Bloqueio de 5%;Quando o HP está abaixo de 50%: Bloqueio de 10%; Quando o HP está abaixo de 50%: Bloqueio de 15%;6;Badgwitch, o Furiox (200) 1 Estela ou mais
 Berserk Crítico; <img class='subli-icons' src='imgs\red.webp'><img class='subli-icons' src='imgs\green.webp'><img class='subli-icons' src=' imgs\green.webp'>; Quando o HP está abaixo de 50%: 5% de acerto crítico; Quando o HP está abaixo de 50%: 10% de acerto crítico; Quando o HP está abaixo de 50%: 15% de acerto crítico;6;Fantasma Tanukouï San (200) 1 Estela ou mais
 Esquiva Furiosa; <img class='subli-icons' src='imgs\blue.webp'><img class='subli-icons' src='imgs\blue.webp'><img class='subli-icons' src=' imgs\green.webp'>; Quando o HP estiver abaixo de 50%: 10% de Esquiva; Quando o HP estiver abaixo de 50%: 20% de Esquiva; Quando o HP está abaixo de 50%: 30% de Esquiva;6;Grozepin (185) 2 Estelas ou mais 
 Bloqueio Berserk; <img class='subli-icons' src='imgs\blue.webp'><img class='subli-icons' src='imgs\blue.webp'><img class='subli-icons' src=' imgs\blue.webp'>; Quando o HP está abaixo de 50%: Bloqueio de 10%; Quando o HP está abaixo de 50%: Bloqueio de 20%; Quando o HP está abaixo de 50%: Bloqueio de 30%;6;Nyl King (185) 2 Estelas ou mais 
 Wakfu Berserk; <img class='subli-icons' src='imgs\blue.webp'><img class='subli-icons' src='imgs\blue.webp'><img class='subli-icons' src=' imgs\red.webp'>; Quando o portador do estado começa seu turno com 50% ou menos de seu WP (ou seu QB): 3% de Dano Crítico infligido (1 turno) 100% do nível como Armadura; Quando o portador do estado começa seu turno com 50% ou menos de seu WP (ou seu QB): 6% de Dano Crítico infligido (1 turno) 200% do nível como Armadura; Quando o portador do estado começa seu turno com 50% ou menos de seu WP (ou seu QB): 9% de Dano Crítico infligido (1 turno) 300% do nível como Armadura;4;Fenda de Frigost 4
 Especialista em bloqueio; <img class='subli-icons' src='imgs\green.webp'><img class='subli-icons' src='imgs\blue.webp'><img class='subli-icons' src=' imgs\blue.webp'>; -; -50 Resistência Elemental -15% Dano recebido durante um Bloqueio; -;2;Kannilooni (185) 1 Estela ou mais 
 Carapaça de Sangue; <img class='subli-icons' src='imgs\blue.webp'><img class='subli-icons' src='imgs\red.webp'><img class='subli-icons' src=' imgs\blue.webp'>; No início do turno: Converte 10% do HP atual em Armadura;No início do turno: Converte 20% do HP atual em Armadura; No início do turno: Converte 30% do HP atual em Armadura;6;Marceneiro (105)
 Briga; <img class='subli-icons' src='imgs\red.webp'><img class='subli-icons' src='imgs\green.webp'><img class='subli-icons' src=' imgs\blue.webp'>; -1 Alcance de 50% do nível como Bloqueio e Esquiva; -1 Alcance 100% do nível como Bloqueio e Esquiva; -;2;Fenda Shushu 2
 Carapaça; <img class='subli-icons' src='imgs\red.webp'><img class='subli-icons' src='imgs\blue.webp'><img class='subli-icons' src=' imgs\blue.webp'>; -2 máximo de AP 75 de Resistência Elemental; -1 máximo de AP 75 de Resistência Elemental; -;2;Ultimate Shushu Rift 2
 Carnificina; <img class='subli-icons' src='imgs\red.webp'><img class='subli-icons' src='imgs\red.webp'><img class='subli-icons' src=' imgs\green.webp'>; Quando o HP está acima de 90%: 15% do nível em Dominio Elementar; Quando o HP está acima de 90%: 30% do nível em Dominio Elementar; Quando o HP está acima de 90%: 45% do nível em Dominio Elementar;6;Ashdragon (200) 3 Estelas 
 Clamor (antiga Condenação II);<img class='subli-icons' src='imgs\green.webp'><img class='subli-icons' src='imgs\blue.webp'><img class='subli-icons' src=' imgs\red.webp'>; -; -20 Força de Vontade Reduz em 1 as próximas 2 perdas de MP sofridas. O efeito é reaplicado a cada turno; -;6;Nyl King (185) 1 Estela ou mais 
 Condenação; <img class='subli-icons' src='imgs\green.webp'><img class='subli-icons' src='imgs\red.webp'><img class='subli-icons' src=' imgs\green.webp'>; -; -20 Força de Vontade Reduz em 1 as próximas 2 perdas de PA sofridas. O efeito é reaplicado a cada turno; -;6;Mímico Rúnico 
 Conservação; <img class='subli-icons' src='imgs\blue.webp'><img class='subli-icons' src='imgs\green.webp'><img class='subli-icons' src=' imgs\blue.webp'>; Quando o HP está acima de 90%: Bloqueio de 10%; Quando o HP está acima de 90%: Bloqueio de 20%; Quando o HP está acima de 90%: Bloqueio de 30%;4;Marceneiro (140)
 Contra ataque; <img class='subli-icons' src='imgs\red.webp'><img class='subli-icons' src='imgs\green.webp'><img class='subli-icons' src=' imgs\red.webp'>;Quando o portador do estado sofre dano direto de combate corpo a corpo, uma vez por turno do atacante: O portador do estado inflige dano leve ao atacante (10% do nível); Quando o portador do estado sofre dano direto de combate corpo a corpo, uma vez por turno do atacante: O portador do estado inflige dano leve ao atacante (20% do nível); Quando o portador do estado sofre dano direto de combate corpo a corpo, uma vez por turno do atacante: O portador do estado inflige dano leve ao atacante (30% do nível);6;Sufokia Rift 2
 Coragem; <img class='subli-icons' src='imgs\blue.webp'><img class='subli-icons' src='imgs\red.webp'><img class='subli-icons' src=' imgs\blue.webp'>; 2% de dano não crítico e cura infligida -2% de dano crítico e cura infligida; 4% de dano não crítico e cura infligida -4% de dano crítico e cura infligida; 6% de dano não crítico e cura infligida -6% de dano crítico e cura infligida;6;Fenda de Frigost 1
 Especialista em acertos críticos;<img class='subli-icons' src='imgs\blue.webp'><img class='subli-icons' src='imgs\green.webp'><img class='subli-icons' src=' imgs\green.webp'>; No final do turno, se um acerto crítico foi realizado: Cura: 2% do HP perdido do lançador; No final do turno, se um acerto crítico foi realizado: Cura: 4% do HP perdido do lançador; No final do turno, se um acerto crítico foi realizado: Cura: 6% do HP perdido do lançador;4;Ashdragon (200) 1 Estela ou mais 
 Preparação Crítica; <img class='subli-icons' src='imgs\red.webp'><img class='subli-icons' src='imgs\green.webp'><img class='subli-icons' src=' imgs\green.webp'>; Cada vez que um acerto crítico é realizado (5 ativações por turno): Preparação (+2 Nv.); Cada vez que um acerto crítico é realizado (5 ativações por turno): Preparação (+4 Nv.); Cada vez que um acerto crítico é realizado (5 ativações por turno): Preparação (+6 Nv.);4;Fenda Shushu 3
 Ruína Cíclica;<img class='subli-icons' src='imgs\red.webp'><img class='subli-icons' src='imgs\red.webp'><img class='subli-icons' src=' imgs\red.webp'>; -; 20% de dano indireto em rodadas pares; -;2;Pandora (185) 3 Estelas 
 Ciclotimia; <img class='subli-icons' src='imgs\blue.webp'><img class='subli-icons' src='imgs\green.webp'><img class='subli-icons' src=' imgs\red.webp'>; Turnos pares: 10 Força de Vontade Turnos ímpares: -10 Força de Vontade; Turnos pares: 20 Força de Vontade Turnos ímpares: -10 Força de Vontade; -;2;Marceneiro (80)
 Atraso; <img class='subli-icons' src='imgs\green.webp'><img class='subli-icons' src='imgs\red.webp'><img class='subli-icons' src=' imgs\blue.webp'>; No início do turno, se nenhum WP foi usado durante o turno anterior: 4% de dano infligido 4% de cura realizada; No início do turno, se nenhum WP foi usado durante o turno anterior: 8% de dano infligido, 8% de cura realizada; No início do turno, se nenhum WP foi usado durante o turno anterior: 12% de dano infligido, 12% de cura realizada;4;Fenda final de Shushu 1
 Destruição;<img class='subli-icons' src='imgs\green.webp'><img class='subli-icons' src='imgs\blue.webp'><img class='subli-icons' src=' imgs\green.webp'>; 3% de dano por trás -2% de dano frontal e lateral; 6% de dano por trás -4% de dano frontal e lateral; 9% de danos por trás -6% de danos frontais e laterais;6;Fenda de Bonta 1
 Determinação; <img class='subli-icons' src='imgs\green.webp'><img class='subli-icons' src='imgs\green.webp'><img class='subli-icons' src=' imgs\red.webp'>; -; -15% de dano indireto recebido; -;4;Robowl, o Pária (170) 1 Estela ou mais 
 Devastar; <img class='subli-icons' src='imgs\green.webp'><img class='subli-icons' src='imgs\green.webp'><img class='subli-icons' src=' imgs\green.webp'>;No início da luta: Todas as Maestrias: 5% do nível Todas as Resistências: 3; No início da luta: Todas as Maestrias: 10% do nível Todas as Resistências: 6; No início da luta: Todas as Maestrias: 15% do nível Todas as Resistências: 9;4;Sor'Hon, Senhor da Chama (200) 3 Estelas 
 Devastação; <img class='subli-icons' src='imgs\blue.webp'><img class='subli-icons' src='imgs\blue.webp'><img class='subli-icons' src=' imgs\blue.webp'>; 1 WP -30 Força de Vontade; 1 WP -20 Força de Vontade; 1 WP -10 Força de Vontade;3;Grozepin (185) 3 Estelas 
 Dimensionalidade;<img class='subli-icons' src='imgs\red.webp'><img class='subli-icons' src='imgs\blue.webp'><img class='subli-icons' src=' imgs\green.webp'>; -; No primeiro turno do portador do estado: 1 WP (não regenerável); -;2;Vertox, o Atemporal (170) 2 Estelas ou mais 
 Barreira de distância; <img class='subli-icons' src='imgs\green.webp'><img class='subli-icons' src='imgs\green.webp'><img class='subli-icons' src=' imgs\red.webp'>; Reduz o dano de longo alcance sofrido em 50% do nível, 2 vezes por turno; Reduz o dano de longo alcance sofrido em 50% do nível, 4 vezes por turno; Reduz o dano de longo alcance sofrido em 50% do nível, 6 vezes por turno;4;Kannilooni (185) 2 Estelas ou mais 
 Emboscada Distante (antiga Emboscada II);<img class='subli-icons' src='imgs\red.webp'><img class='subli-icons' src='imgs\red.webp'><img class='subli-icons' src=' imgs\blue.webp'>; 4% de dano infligido a alvos a 2 células de distância (1 célula entre o portador do estado e o alvo); 8% de dano infligido a alvos a 2 células de distância (1 célula entre o portador do estado e o alvo); 12% de dano infligido a alvos a 2 células de distância (1 célula entre o portador do estado e o alvo);6;Fantasma Tanukouï San (200) 2 Estelas ou mais 
 Esquivar Roubo;<img class='subli-icons' src='imgs\green.webp'><img class='subli-icons' src='imgs\green.webp'><img class='subli-icons' src=' imgs\blue.webp'>; -10% de dano infligido com uma arma Ao infligir dano a um inimigo com uma arma de duas mãos: rouba 15% do nível em Esquiva (1 turno, não acumulável); -10% de dano infligido com uma arma Ao infligir dano a um inimigo com uma arma de duas mãos: rouba 30% do nível em Esquiva (1 turno, não acumulável);-10% de dano infligido com uma arma Ao infligir dano a um inimigo com uma arma de duas mãos: rouba 45% do nível em Esquiva (1 turno, não acumulável);4;Bonta Rift 4
 Resistência; <img class='subli-icons' src='imgs\green.webp'><img class='subli-icons' src='imgs\red.webp'><img class='subli-icons' src=' imgs\blue.webp'>; -5% às penalidades características recebidas. Afeta todas as penalidades características (Maestrias, Resistências, Armaduras, Acertos Críticos, etc.) recebidas em combate e lançadas por uma entidade que não seja o portador do estado. O valor é sempre arredondado para baixo.; -10% às penalidades características recebidas. Afeta todas as penalidades características (Maestrias, Resistências, Armaduras, Acertos Críticos, etc.) recebidas em combate e lançadas por uma entidade que não seja o portador do estado. O valor é sempre arredondado para baixo.; -15% às penalidades características recebidas. Afeta todas as penalidades características (Maestrias, Resistências, Armaduras, Acertos Críticos, etc.) recebidas em combate e lançadas por uma entidade que não seja o portador do estado. O valor é sempre arredondado para baixo.;6;Grozepin (185) 1 Estela ou mais 
 Evasão; <img class='subli-icons' src='imgs\blue.webp'><img class='subli-icons' src='imgs\blue.webp'><img class='subli-icons' src=' imgs\green.webp'>;No início da luta: 5% de bloqueio (1 turno); No início da luta: Bloqueio de 10% (1 turno); No início da luta: 15% de bloqueio (1 turno);6;Marceneiro (40)
 Evasão; <img class='subli-icons' src='imgs\red.webp'><img class='subli-icons' src='imgs\blue.webp'><img class='subli-icons' src=' imgs\red.webp'>; No início da luta: 50% do nível como Esquiva; No início da luta: 100% do nível como Esquiva; No início da luta: 150% do nível como Esquiva;6;Marceneiro (105)
 Peso pena;<img class='subli-icons' src='imgs\red.webp'><img class='subli-icons' src='imgs\red.webp'><img class='subli-icons' src=' imgs\red.webp'>; No início do combate, por PM acima de 4: 2% de Dano infligido (máximo 24); No início do combate, por PM acima de 4: 4% de Dano infligido (máximo 24); No início do combate, por PM acima de 4: 6% de Dano infligido (máximo 24);4;Ultimate Shushu Rift 4
 Pé firme; <img class='subli-icons' src='imgs\blue.webp'><img class='subli-icons' src='imgs\red.webp'><img class='subli-icons' src=' imgs\red.webp'>; Terminar um turno adjacente a um inimigo aplica -5% de curas realizadas a ele (1 turno); Terminar um turno adjacente a um inimigo aplica -10% de curas realizadas a ele (1 turno);Terminar um turno adjacente a um inimigo aplica -15% de curas realizadas a ele (1 turno);4;Fenda Zinit 2
 Retorno Flamejante; <img class='subli-icons' src='imgs\red.webp'><img class='subli-icons' src='imgs\red.webp'><img class='subli-icons' src=' imgs\green.webp'>; Ganha 50% do nível como Flamejante ao matar um inimigo (1 ativação por turno); Ganha 100% do nível como Flamejante ao matar um inimigo (1 ativação por turno); -;2;Fenda de Bonta 3
 Fugir;<img class='subli-icons' src='imgs\green.webp'><img class='subli-icons' src='imgs\blue.webp'><img class='subli-icons' src=' imgs\green.webp'>; -; Depois de esquivar (com perda): 1 MP (1 no máximo por turno); -;6;Marceneiro (115)
 Focalização (antigo Frenzy III); <img class='subli-icons' src='imgs\green.webp'><img class='subli-icons' src='imgs\red.webp'><img class='subli-icons' src=' imgs\red.webp'>; -; -15% de dano infligido no início do turno: 25% de dano infligido se um único inimigo foi atingido no turno anterior; -;2;Robowl, o Pária (170) 3 Estelas 
 Frenesi; <img class='subli-icons' src='imgs\red.webp'><img class='subli-icons' src='imgs\green.webp'><img class='subli-icons' src=' imgs\blue.webp'>; -; -20% de dano infligido no início do turno: 10% de dano infligido por inimigo atingido no turno anterior.; -;2;Aguabrial @ todas as Masmorras Zinit de nível 200 (200) 1 Estela ou mais 
 Fúria (antigo Frenesi II); <img class='subli-icons' src='imgs\red.webp'><img class='subli-icons' src='imgs\green.webp'><img class='subli-icons' src=' imgs\blue.webp'>; -;-15% de dano infligido no início do turno: 5% de dano infligido por entidade atingida no turno anterior.; -;2;Badgwitch, o Furiox (200) 3 Estela 
 Cura;<img class='subli-icons' src='imgs\red.webp'><img class='subli-icons' src='imgs\red.webp'><img class='subli-icons' src=' imgs\blue.webp'>; 5% de pontos de saúde (bônus no modificador de HP); 10% de pontos de saúde (bônus no modificador de HP); 15% de pontos de saúde (bônus no modificador de HP);6;Fantasma Tanukouï San (200) 3 Estelas 
 Armadura pesada; <img class='subli-icons' src='imgs\red.webp'><img class='subli-icons' src='imgs\green.webp'><img class='subli-icons' src=' imgs\blue.webp'>; -; -1 MP máximo 5% de dano infligido; -;2;Ultimate Shushu Rift 3
 Influência;<img class='subli-icons' src='imgs\green.webp'><img class='subli-icons' src='imgs\blue.webp'><img class='subli-icons' src=' imgs\green.webp'>; 3% de acerto crítico; 6% de acerto crítico; 9% de acerto crítico;6;Mímico Rúnico 
 Integridade; <img class='subli-icons' src='imgs\blue.webp'><img class='subli-icons' src='imgs\blue.webp'><img class='subli-icons' src=' imgs\red.webp'>; Ao curar um aliado, se o aliado tiver menos de 15% de HP: Cura: 7% do HP máximo do alvo; Ao curar um aliado, se o aliado tiver menos de 15% de HP: Cura: 15% do HP máximo do alvo; -;2;Aguabrial @ Badgwitch the Furiox (200) 2 Estelas 
 Interceptação; <img class='subli-icons' src='imgs\red.webp'><img class='subli-icons' src='imgs\green.webp'><img class='subli-icons' src=' imgs\red.webp'>; No início da luta: 50% do nível como Bloqueio; No início da luta: 100% do nível como Bloqueio; No início da luta: 150% do nível como Bloqueio;6;Marceneiro (105)
Interposição;<img class='subli-icons' src='imgs\blue.webp'><img class='subli-icons' src='imgs\green.webp'><img class='subli-icons' src=' imgs\green.webp'>; Depois de bloquear um inimigo: 50% do nível como Armadura; Depois de bloquear um inimigo: 100% do nível como Armadura; Depois de bloquear um inimigo: 150% do nível como Armadura;6;Marceneiro (115)
 Último suspiro;<img class='subli-icons' src='imgs\green.webp'><img class='subli-icons' src='imgs\blue.webp'><img class='subli-icons' src=' imgs\red.webp'>; Quando o portador começa seu turno com menos de 20% de HP: 3% de dano infligido (1 turno) 50% do nível como armadura; Quando o portador começa seu turno com menos de 20% de HP: 6% de dano infligido (1 turno) 100% do nível como armadura; Quando o portador começa seu turno com menos de 20% de HP: 9% de dano infligido (1 turno) 150% do nível como armadura;6;Fenda Zinit 1
 Comprimento; <img class='subli-icons' src='imgs\blue.webp'><img class='subli-icons' src='imgs\red.webp'><img class='subli-icons' src=' imgs\red.webp'>; 2% de dano infligido em alvos alinhados a 2 ou mais células de distância do portador do estado; 4% de dano infligido em alvos alinhados a 2 ou mais células de distância do portador do estado; 6% de dano infligido em alvos alinhados a 2 ou mais células de distância do portador do estado;6;Mímico Rúnico 
 Força da Luz; <img class='subli-icons' src='imgs\green.webp'><img class='subli-icons' src='imgs\green.webp'><img class='subli-icons' src=' imgs\red.webp'>; Enquanto o portador não tiver Armadura: 3% de Dano infligido; Enquanto o portador não tiver Armadura: 6% de Dano infligido; Enquanto o portador não tiver Armadura: 9% de Dano infligido;6;Marceneiro (125)
 Especialista em armas leves; <img class='subli-icons' src='imgs\red.webp'><img class='subli-icons' src='imgs\blue.webp'><img class='subli-icons' src=' imgs\red.webp'>; Se nenhum outro escudo, adaga ou arma de duas mãos estiver equipado, no início da luta: 25% do nível de Maestria Elemental 2% do Dano infligido a um alvo com Armadura; Se nenhum outro escudo, adaga ou arma de duas mãos estiver equipado, no início do combate: 50% do nível de Maestria Elemental 4% do Dano infligido a um alvo com Armadura; Se nenhum outro escudo, adaga ou arma de duas mãos estiver equipado, no início do combate: 75% do nível de Maestria Elemental 6% do Dano infligido a um alvo com Armadura;6;Fenda de Frigost 2
 Leveza; <img class='subli-icons' src='imgs\blue.webp'><img class='subli-icons' src='imgs\red.webp'><img class='subli-icons' src=' imgs\blue.webp'>; Após sofrer uma perda de 3 PM: 10 Força de Vontade (3 turnos); Depois de sofrer uma perda de 3 MP: 20 de Força de Vontade (3 turnos); Depois de sofrer uma perda de 3 MP: 30 de Força de Vontade (3 turnos);3;Ovo Antigo (200) 1 Estela ou mais 
 Roubo de bloqueio; <img class='subli-icons' src='imgs\green.webp'><img class='subli-icons' src='imgs\green.webp'><img class='subli-icons' src=' imgs\red.webp'>; -10% de dano infligido com uma arma Ao infligir dano a um inimigo com uma arma de duas mãos: rouba 15% do nível em Bloqueio (1 turno, não acumulável);-10% de dano infligido com uma arma Ao infligir dano a um inimigo com uma arma de duas mãos: rouba 30% do nível em Bloqueio (1 turno, não acumulável); -10% de dano infligido com uma arma Ao infligir dano a um inimigo com uma arma de duas mãos: rouba 45% do nível em Bloqueio (1 turno, não acumulável);4;Fenda de Astrub 4
 Bloqueio; <img class='subli-icons' src='imgs\green.webp'><img class='subli-icons' src='imgs\red.webp'><img class='subli-icons' src=' imgs\green.webp'>; 4% de dano infligido a alvos sem linha de visão a 3 ou mais células de distância do portador do estado; 8% de dano infligido a alvos sem linha de visão a 3 ou mais células de distância do portador do estado; 12% de dano infligido a alvos sem linha de visão a 3 ou mais células de distância do portador do estado;6;Fenda Shushu 4
 Lobo solitário;<img class='subli-icons' src='imgs\red.webp'><img class='subli-icons' src='imgs\blue.webp'><img class='subli-icons' src=' imgs\green.webp'>; Se não houver aliados de 1 a 4 células do portador: 2% de Dano Infligido; Se não houver aliados de 1 a 4 células do portador: 4% de Dano Infligido; Se não houver aliados de 1 a 4 células do portador: 6% de Dano Infligido;4;Aguabrial @ Sor'Hon, Senhor da Chama (200) 2 Estelas 
 Loucura; <img class='subli-icons' src='imgs\red.webp'><img class='subli-icons' src='imgs\green.webp'><img class='subli-icons' src=' imgs\red.webp'>;6% de dano infligido em linha diagonal; 12% de dano infligido em linha diagonal; 18% de dano infligido em linha diagonal;4;Marceneiro (140)
 Mania;<img class='subli-icons' src='imgs\blue.webp'><img class='subli-icons' src='imgs\red.webp'><img class='subli-icons' src=' imgs\green.webp'>; O dano de combate corpo a corpo remove 50% do nível de armadura do alvo -3% de armadura recebida; O dano de combate corpo a corpo remove 100% do nível de armadura do alvo -6% da armadura recebida; O dano de combate corpo a corpo remove 150% do nível de armadura do alvo -9% de armadura recebida;4;Fenda da Lua 3
 Barreira corpo a corpo (antiga barreira de combate corpo a corpo);<img class='subli-icons' src='imgs\green.webp'><img class='subli-icons' src='imgs\green.webp'><img class='subli-icons' src=' imgs\blue.webp'>; Reduz o dano corpo a corpo sofrido em 50% do nível, 2 vezes por turno; Reduz o dano corpo a corpo sofrido em 50% do nível, 4 vezes por turno; Reduz o dano corpo a corpo sofrido em 50% do nível, 6 vezes por turno;4;Koko, o Nutt (185) 2 Estelas ou mais 
 Escamas Lunares;<img class='subli-icons' src='imgs\green.webp'><img class='subli-icons' src='imgs\blue.webp'><img class='subli-icons' src=' imgs\red.webp'>; 3% de armadura recebida; 6% de armadura recebida; 9% de armadura recebida;6;Ovo Antigo (200) 2 Estelas ou mais 
 Retorno MP (antigo Retorno II);<img class='subli-icons' src='imgs\blue.webp'><img class='subli-icons' src='imgs\red.webp'><img class='subli-icons' src=' imgs\green.webp'>; -; Recupera 1 MP ao matar um inimigo (2 ativações por turno); -;4;Bulbrute (155) 3 Estela 
 Natureza; <img class='subli-icons' src='imgs\green.webp'><img class='subli-icons' src='imgs\red.webp'><img class='subli-icons' src=' imgs\blue.webp'>; 2% de curas realizadas em um aliado adjacente a outro aliado; 4% de curas realizadas em um aliado adjacente a outro aliado; 6% de curas realizadas em um aliado adjacente a outro aliado;6;Fenda Sufokia 3
 Neutralidade; <img class='subli-icons' src='imgs\blue.webp'><img class='subli-icons' src='imgs\green.webp'><img class='subli-icons' src=' imgs\red.webp'>; No início da luta, se as proficiências secundárias forem ≤ 0: 8% de dano infligido; No início da luta, se as proficiências secundárias forem ≤ 0: 16% de dano infligido; No início da luta, se as proficiências secundárias forem ≤ 0: 24% de dano infligido;4;Fenda Osamosa 2
 Obstinação (antigo Resolute II); <img class='subli-icons' src='imgs\red.webp'><img class='subli-icons' src='imgs\blue.webp'><img class='subli-icons' src=' imgs\red.webp'>; Após sofrer uma perda de 2 PA: 5 Força de Vontade (3 turnos); Depois de sofrer uma perda de 2 PA: 10 de Força de Vontade (3 turnos); -;2;Blightogre (200) 2 Estelas ou mais 
 Bloco Ofensivo; <img class='subli-icons' src='imgs\red.webp'><img class='subli-icons' src='imgs\red.webp'><img class='subli-icons' src=' imgs\green.webp'>; Ao realizar um bloqueio em um ataque inimigo direto: 2% de dano infligido (1 turno) -10% de bloqueio (1 turno); Ao realizar um bloqueio em um ataque inimigo direto: 4% de dano infligido (1 turno) -10% de bloqueio (1 turno); -;2;Fenda Osamosa 3
 Influência Paradoxal; <img class='subli-icons' src='imgs\green.webp'><img class='subli-icons' src='imgs\red.webp'><img class='subli-icons' src=' imgs\blue.webp'>; Se um acerto não crítico for realizado com um feitiço elemental: 5% de acerto crítico no turno seguinte; Se um acerto não crítico for realizado com um feitiço elemental: 10'% de acerto crítico no turno seguinte; Se um acerto não crítico for realizado com um feitiço elemental: 15% de acerto crítico no turno seguinte;4;Marceneiro (125)
 Persistência (antiga Tenacidade II); <img class='subli-icons' src='imgs\red.webp'><img class='subli-icons' src='imgs\green.webp'><img class='subli-icons' src=' imgs\red.webp'>; -; No final do turno, se o portador do estado tiver 6 ou mais PA: 60 de Resistência Elemental (2 turnos); -;2;Blightogre (200) 3 Estelas 
 Poise (antigo Leveza II); <img class='subli-icons' src='imgs\blue.webp'><img class='subli-icons' src='imgs\red.webp'><img class='subli-icons' src=' imgs\blue.webp'>; Depois de sofrer uma perda de 2 PM: 5 Força de Vontade (3 turnos); Depois de sofrer uma perda de 2 MP: 10 de Força de Vontade (3 turnos); -;3;Bulbrute (155) 1 Estela ou mais 
 Arma Envenenada; <img class='subli-icons' src='imgs\blue.webp'><img class='subli-icons' src='imgs\blue.webp'><img class='subli-icons' src=' imgs\green.webp'>; -20 Dano infligido com uma Arma. Ao infligir dano a um inimigo com uma arma de duas mãos: Incurável (nível: custo AP da arma) ao inimigo e ao portador do estado;-15 Dano infligido com uma Arma. Ao infligir dano a um inimigo com uma arma de duas mãos: Incurável (nível: custo AP da arma) ao inimigo e ao portador do estado; -10 Dano infligido com uma Arma. Ao infligir dano a um inimigo com uma arma de duas mãos: Incurável (nível: custo AP da arma) ao inimigo e ao portador do estado;4;Fenda da Lua 2
 Precaução; <img class='subli-icons' src='imgs\red.webp'><img class='subli-icons' src='imgs\green.webp'><img class='subli-icons' src=' imgs\red.webp'>; Ao terminar o turno com menos de 50% de HP: Cura 5% do HP perdido; Ao terminar o turno com menos de 50% de HP: Cura 10% do HP perdido; Ao terminar o turno com menos de 50% de HP: Cura 15% do HP perdido;4;Fenda Amakna 3
 Pretensão;<img class='subli-icons' src='imgs\green.webp'><img class='subli-icons' src='imgs\blue.webp'><img class='subli-icons' src=' imgs\green.webp'>; No início da luta, se as proficiências secundárias forem ≤ 0: 5% de bloqueio; No início da luta, se as proficiências secundárias forem ≤ 0: 10% de bloqueio; No início da luta, se as proficiências secundárias forem ≤ 0: 15% de bloqueio;6;Fenda Osamosa 1
 Lucro; <img class='subli-icons' src='imgs\blue.webp'><img class='subli-icons' src='imgs\blue.webp'><img class='subli-icons' src=' imgs\green.webp'>; -; Recupera 1 PA removendo 1 PA ou MP de um inimigo (1 no máximo por turno); -;6;Marceneiro (125)
 Prosperidade (antigo Endurance II); <img class='subli-icons' src='imgs\green.webp'><img class='subli-icons' src='imgs\red.webp'><img class='subli-icons' src=' imgs\blue.webp'>;3% para bônus característicos recebidos. Afeta todos os bônus de características (Maestrias, Resistências, Armaduras) recebidos em combate e lançados por uma entidade que não seja a portadora do estado. O valor é sempre arredondado para baixo.; 6% para bônus característicos recebidos. Afeta todos os bônus de características (Maestrias, Resistências, Armaduras) recebidos em combate e lançados por uma entidade que não seja a portadora do estado. O valor é sempre arredondado para baixo.; 9% para bônus característicos recebidos. Afeta todos os bônus de características (Maestrias, Resistências, Armaduras) recebidos em combate e lançados por uma entidade que não seja a portadora do estado. O valor é sempre arredondado para baixo.;4;Bulbrute (155) 2 Estelas ou mais 
 Poder Bruto; <img class='subli-icons' src='imgs\green.webp'><img class='subli-icons' src='imgs\green.webp'><img class='subli-icons' src=' imgs\green.webp'>; No início da luta: -1 WP máximo Para cada WP gasto durante o turno: 2% de dano infligido (1 turno) (máx. 30); No início da luta: -2 WP máximo Para cada WP gasto durante o turno: 4% de dano infligido (1 turno) (máx. 30);No início da luta: -3 WP máximo Para cada WP gasto durante o turno: 6% de dano infligido (1 turno) (máx. 30);4;Fenda Zinit 4
 Imprudência; <img class='subli-icons' src='imgs\blue.webp'><img class='subli-icons' src='imgs\blue.webp'><img class='subli-icons' src=' imgs\green.webp'>; Quando o portador remove toda a armadura de um alvo: 3% do dano infligido pelo resto do turno, 30% no máximo; Quando o portador remove toda a armadura de um alvo: 6% do dano infligido pelo resto do turno, 30% no máximo; Quando o portador remove toda a armadura de um alvo: 9% do dano infligido pelo resto do turno, 30% no máximo;4;Marceneiro (140)
 Revigoração;<img class='subli-icons' src='imgs\green.webp'><img class='subli-icons' src='imgs\blue.webp'><img class='subli-icons' src=' imgs\red.webp'>; -10% de curas realizadas 4% das curas realizadas em aliados são devolvidas ao portador do estado; -10% de curas realizadas 8% das curas realizadas em aliados são devolvidas ao portador do estado; -10% de curas realizadas 12% das curas realizadas em aliados são devolvidas ao portador do estado;4;Fenda Amakna 1
 Resoluto; <img class='subli-icons' src='imgs\red.webp'><img class='subli-icons' src='imgs\blue.webp'><img class='subli-icons' src=' imgs\red.webp'>; Depois de sofrer uma perda de 3 PA: 10 de Força de Vontade (3 turnos); Depois de sofrer uma perda de 3 PA: 20 de Força de Vontade (3 turnos);Depois de sofrer uma perda de 3 PA: 30 de Força de Vontade (3 turnos);3;Sor'Hon, Senhor da Chama (200) 1 Estela ou mais 
 Envelope Rochoso; <img class='subli-icons' src='imgs\red.webp'><img class='subli-icons' src='imgs\blue.webp'><img class='subli-icons' src=' imgs\blue.webp'>; 3% de armadura dada; 6% de armadura dada; 9% de armadura dada;6;Marceneiro (90)
 Ruína;<img class='subli-icons' src='imgs\red.webp'><img class='subli-icons' src='imgs\red.webp'><img class='subli-icons' src=' imgs\red.webp'>; 5% de dano indireto; 10% de dano indireto; 15% de dano indireto;6;Marceneiro (30)
 Salvar; <img class='subli-icons' src='imgs\blue.webp'><img class='subli-icons' src='imgs\red.webp'><img class='subli-icons' src=' imgs\red.webp'>; -; No final do turno: PA não utilizado é transferido para o próximo turno, no máximo 1 PA; -;6;Sor'Hon, Senhor da Chama (200) 2 Estelas ou mais 
 Devastação Secundária (antigo Devastate II); <img class='subli-icons' src='imgs\green.webp'><img class='subli-icons' src='imgs\green.webp'><img class='subli-icons' src=' imgs\green.webp'>; -; No início da luta: 3% de acerto crítico, 3% de bloqueio, 3 de força de vontade; -;6;Blightogre (200) 1 Estela ou mais 
 Segredo da vida; <img class='subli-icons' src='imgs\green.webp'><img class='subli-icons' src='imgs\blue.webp'><img class='subli-icons' src=' imgs\blue.webp'>; -; No início da luta: Reduz a Maestria de Cura para +0. 10% de curas realizadas; -;2;Aguabrial @ Ovo Antigo (200) 2 Estelas 
 Sensibilidade; <img class='subli-icons' src='imgs\red.webp'><img class='subli-icons' src='imgs\green.webp'><img class='subli-icons' src=' imgs\blue.webp'>; Se houver dois ou mais aliados de 1 a 4 células do portador: 2% de Dano Infligido;Se houver dois ou mais aliados de 1 a 4 células do portador: 4% de Dano Infligido; Se houver dois ou mais aliados de 1 a 4 células do portador: 6% de Dano Infligido;4;Fenda Zinit 3
 Evasão Lenta (antiga Evasão II); <img class='subli-icons' src='imgs\red.webp'><img class='subli-icons' src='imgs\red.webp'><img class='subli-icons' src=' imgs\green.webp'>; -; 3% de bloqueios por turno (máx. 40); -;4;Pandora (185) 1 Estela ou mais 
 Influência Lenta (antiga Influência II); <img class='subli-icons' src='imgs\red.webp'><img class='subli-icons' src='imgs\green.webp'><img class='subli-icons' src=' imgs\green.webp'>; 1% de acertos críticos por turno (máx. 30); 2% de acertos críticos por turno (máx. 30); 3% de acertos críticos por turno (máx. 30);4;Robowl, o Pária (170) 2 Estelas ou mais 
 Relações sociais; <img class='subli-icons' src='imgs\blue.webp'><img class='subli-icons' src='imgs\green.webp'><img class='subli-icons' src=' imgs\blue.webp'>; 2% de dano por trás em curvas pares 2% de dano frontal em curvas ímpares; 4% de dano por trás em curvas pares 4% de dano frontal em curvas ímpares; 6% de dano por trás em curvas pares 6% de dano frontal em curvas ímpares;6;Fenda da Lua 4
 Arma Sólida; <img class='subli-icons' src='imgs\blue.webp'><img class='subli-icons' src='imgs\blue.webp'><img class='subli-icons' src=' imgs\blue.webp'>; Ao infligir dano a um inimigo com uma arma: Esse inimigo reduz seu dano ao portador do estado em -5% (1 turno, não acumulável) O portador do estado deve ter um escudo equipado;Ao infligir dano a um inimigo com uma arma: Esse inimigo reduz seu dano ao portador do estado em -10% (1 turno, não acumulável) O portador do estado deve ter um escudo equipado; -;2;Fenda Sufokia 1
 Solidez; <img class='subli-icons' src='imgs\red.webp'><img class='subli-icons' src='imgs\green.webp'><img class='subli-icons' src=' imgs\red.webp'>; -; Reduz o dano direto recebido acima de 20% do HP máximo em 400% do nível (uma vez por rodada); -;2;Marceneiro (60)
 Espinhos; <img class='subli-icons' src='imgs\blue.webp'><img class='subli-icons' src='imgs\blue.webp'><img class='subli-icons' src=' imgs\red.webp'>; Executar um bloqueio dá preparação (+1 nível); Executar um Bloqueio dá Preparação (+2 Nv.); Executar um bloqueio dá preparação (+3 nível);6;Ovo Antigo (200) 3 Estelas 
 Mão Forte; <img class='subli-icons' src='imgs\green.webp'><img class='subli-icons' src='imgs\red.webp'><img class='subli-icons' src=' imgs\red.webp'>; Terminar um turno adjacente a um inimigo aplica -5% de Armadura recebida a ele (1 turno); Terminar um turno adjacente a um inimigo aplica -10% de Armadura recebida a ele (1 turno); Terminar um turno adjacente a um inimigo aplica -15% de Armadura recebida a ele (1 turno);6;Fenda de Astrub 2
 Estupefação;<img class='subli-icons' src='imgs\green.webp'><img class='subli-icons' src='imgs\blue.webp'><img class='subli-icons' src=' imgs\green.webp'>; No início da luta: 5% de acerto crítico (1 turno) 5% do nível como Maestria Crítica (1 turno);No início da luta: 10% de acerto crítico (1 turno) 10% do nível como Maestria Crítica (1 turno); No início da luta: 15% de acerto crítico (1 turno) 15% do nível como Maestria Crítica (1 turno);4;Badgwitch, o Furiox (200) 2 Estelas ou mais 
 Rapidez; <img class='subli-icons' src='imgs\green.webp'><img class='subli-icons' src='imgs\red.webp'><img class='subli-icons' src=' imgs\red.webp'>; 1 PM -20% de dano infligido; 1 PM -10% de dano infligido; -;2;Koko, o Nutt (185) 3 Estelas 
 Tático Crítico; <img class='subli-icons' src='imgs\red.webp'><img class='subli-icons' src='imgs\green.webp'><img class='subli-icons' src=' imgs\green.webp'>; 3% de dano crítico infligido se o alvo tiver > 50% de HP -3% de dano crítico infligido se o alvo tiver ≤ 50% de HP; 6% de dano crítico infligido se o alvo tiver > 50% de HP -6% de dano crítico infligido se o alvo tiver ≤ 50% de HP; 9% de dano crítico infligido se o alvo tiver > 50% de HP -9% de dano crítico infligido se o alvo tiver ≤ 50% de HP;4;Fenda Osamosa 4
 Crítico Técnico; <img class='subli-icons' src='imgs\red.webp'><img class='subli-icons' src='imgs\green.webp'><img class='subli-icons' src=' imgs\blue.webp'>; O primeiro acerto crítico do turno causa 6% de dano adicional. Os seguintes causam 3% menos dano; primeiro acerto crítico do turno causa 12% de dano adicional. Os seguintes causam 6% menos dano; -;2;Fenda de Amakna
 Tenacidade;<img class='subli-icons' src='imgs\green.webp'><img class='subli-icons' src='imgs\green.webp'><img class='subli-icons' src=' imgs\blue.webp'>; -; No final do turno, se o portador do estado tiver 2 ou mais PA: 25 de Resistência Elemental (1 turno); -;4;Marceneiro (50)
 Teoria da Matéria; <img class='subli-icons' src='imgs\blue.webp'><img class='subli-icons' src='imgs\green.webp'><img class='subli-icons' src=' imgs\red.webp'>; 50% de acerto crítico -50% de dano e cura; 100% de acerto crítico -50% de dano e cura; -;2;Vertox, o Atemporal (170) 1 Estela ou mais 
 Tolerância; <img class='subli-icons' src='imgs\red.webp'><img class='subli-icons' src='imgs\blue.webp'><img class='subli-icons' src=' imgs\blue.webp'>; No final do turno: 50% dos MP não utilizados são transferidos para o próximo turno, no máximo 1 PM; No final do turno: 50% dos MP não utilizados são transferidos para o próximo turno, no máximo 2 MP; -;2;Aguabrial @ Ashdragon (200) 2 Estelas 
 Topologia; <img class='subli-icons' src='imgs\blue.webp'><img class='subli-icons' src='imgs\green.webp'><img class='subli-icons' src=' imgs\blue.webp'>; No início do combate: Toda a Esquiva do portador do estado é convertida em Armadura na proporção de 1 para 1. A Esquiva Convertida é perdida.; No início do combate: Toda a Esquiva do portador do estado é convertida em Armadura na proporção de 1 para 2. A Esquiva Convertida é perdida.;No início do combate: Toda a Esquiva do portador do estado é convertida em Armadura na proporção de 1 para 3. A Esquiva Convertida é perdida.;3;Pandora (185) 2 Estelas ou mais 
 Loucura Vampírica; <img class='subli-icons' src='imgs\red.webp'><img class='subli-icons' src='imgs\green.webp'><img class='subli-icons' src=' imgs\red.webp'>; -4% de cura recebida Quando o portador inflige dano em uma linha diagonal: rouba 4% do dano infligido; -8% de cura recebida Quando o portador inflige dano em linha diagonal: rouba 8% do dano infligido; -12% de cura recebida Quando o portador inflige dano em linha diagonal: rouba 12% do dano infligido;4;Marceneiro (140)
 Visibilidade;<img class='subli-icons' src='imgs\blue.webp'><img class='subli-icons' src='imgs\green.webp'><img class='subli-icons' src=' imgs\green.webp'>; 1 Alcance -300 Bloqueio -300 Esquiva; 1 Alcance -150 Bloqueio -150 Esquiva; -;2;Kannilooni (185) 3 Estelas 
 Agilidade Vital;<img class='subli-icons' src='imgs\green.webp'><img class='subli-icons' src='imgs\blue.webp'><img class='subli-icons' src=' imgs\red.webp'>; -; No início do turno, se o HP estiver acima de 90%: 1 MP; -;2;Marceneiro (135)
 Influência Vital; <img class='subli-icons' src='imgs\green.webp'><img class='subli-icons' src='imgs\red.webp'><img class='subli-icons' src=' imgs\green.webp'>; Quando o HP está acima de 90%: 4% de acerto crítico; Quando o HP está acima de 90%: 8% de acerto crítico; Quando o HP está acima de 90%: 12% de acerto crítico;6;Marceneiro (135)
 Retorno Vital; <img class='subli-icons' src='imgs\green.webp'><img class='subli-icons' src='imgs\red.webp'><img class='subli-icons' src=' imgs\green.webp'>;Cura: 10% do HP perdido do lançador ao matar um inimigo (2 ativações por turno); Cura: 20% do HP perdido do lançador ao matar um inimigo (2 ativações por turno); -;2;Fenda de Astrub 3
 Força Vital; <img class='subli-icons' src='imgs\red.webp'><img class='subli-icons' src='imgs\green.webp'><img class='subli-icons' src=' imgs\blue.webp'>; -; No início do turno, se o HP estiver acima de 90%: 1 PA; -;2;Marceneiro (135)
 Vitalidade Bem; <img class='subli-icons' src='imgs\green.webp'><img class='subli-icons' src='imgs\red.webp'><img class='subli-icons' src=' imgs\green.webp'>; Aumenta em 5% os roubos de saúde realizados; Aumenta em 10% os roubos de saúde realizados; Aumenta em 15% os roubos de saúde realizados;6;Marceneiro (70)
 Vivacidade; <img class='subli-icons' src='imgs\red.webp'><img class='subli-icons' src='imgs\blue.webp'><img class='subli-icons' src=' imgs\blue.webp'>; 1 PA -150 Resistência Elemental; 1 PA -75 de Resistência Elemental; -;2;Nyl King (185) 3 Estela 
 Influência Wakfu;<img class='subli-icons' src='imgs\red.webp'><img class='subli-icons' src='imgs\red.webp'><img class='subli-icons' src=' imgs\blue.webp'>; Quando o portador do estado começa seu turno com todo o seu WP (ou todo o seu QB): 10% de acerto crítico (1 turno); Quando o portador do estado começa seu turno com todo o seu WP (ou todo o seu QB): 20% de acerto crítico (1 turno); -;2;Fenda Sufokia 4
 Parede;<img class='subli-icons' src='imgs\red.webp'><img class='subli-icons' src='imgs\blue.webp'><img class='subli-icons' src=' imgs\green.webp'>; No início da luta, 150% do nível como Armadura; No início da luta, 300% do nível como Armadura; No início da luta, 450% do nível como Armadura;4;Koko, o Nutt (185) 1 Estela ou mais 
